"","state_tribal_1_state_2_tribal","NumberGrantees","Gatekeeper","OtherTraining","OutreachAwareness","Screening","SchoolAdult","SchoolPeer","CommunityAdult","CommunityPeer","LifeSkills","FollowUp","CulturalActivities","HotlinesHelplines","TextlinesChat","CaseManagement","TradHealingPractices","Postvention","MentalHealthServices","TransitionAgedYouth","LGBTQ"
"1","1",9,77.7777777777778,77.7777777777778,88.8888888888889,100,77.7777777777778,44.4444444444444,55.5555555555556,11.1111111111111,44.4444444444444,44.4444444444444,11.1111111111111,44.4444444444444,33.3333333333333,22.2222222222222,0,33.3333333333333,33.3333333333333,77.7777777777778,66.6666666666667
"2","2",21,90.4761904761905,90.4761904761905,95.2380952380952,85.7142857142857,52.3809523809524,23.8095238095238,85.7142857142857,23.8095238095238,76.1904761904762,42.8571428571429,71.4285714285714,28.5714285714286,28.5714285714286,47.6190476190476,28.5714285714286,47.6190476190476,52.3809523809524,76.1904761904762,23.8095238095238
